t,average_battery_percentage,total_current_power_demand,total_VTG_capacity,mean_charging
0,100.0,,,
1,95.5122302788824,154164.85953718078,10706.091844277124,0.560234173302789
2,95.60234173302788,10541.52543184835,165.54890341076245,0.06356132504272571
3,95.60234173302788,0.0,165.54890341076245,0.0
4,95.60234173302788,0.0,165.54890341076245,0.0
5,95.60234173302788,0.0,165.54890341076245,0.0
6,95.60234173302788,0.0,165.54890341076245,0.0
7,95.60234173302788,0.0,165.54890341076245,0.0
8,95.60234173302788,0.0,165.54890341076245,0.0
9,95.60234173302788,0.0,165.54890341076245,0.0
10,95.60234173302788,0.0,165.54890341076245,0.0
11,95.60234173302788,0.0,165.54890341076245,0.0
12,95.60234173302788,0.0,165.54890341076245,0.0
13,95.60234173302788,0.0,165.54890341076245,0.0
14,95.60234173302788,0.0,165.54890341076245,0.0
15,95.60234173302788,0.0,165.54890341076245,0.0
16,95.60234173302788,0.0,165.54890341076245,0.0
17,95.60234173302788,0.0,165.54890341076245,0.0
18,95.60234173302788,0.0,165.54890341076245,0.0
19,95.60234173302788,0.0,165.54890341076245,0.0
20,95.60234173302788,0.0,165.54890341076245,0.0
21,95.60234173302788,0.0,165.54890341076245,0.0
22,95.60234173302788,0.0,165.54890341076245,0.0
23,95.60234173302788,0.0,165.54890341076245,0.0
24,95.60234173302788,0.0,165.54890341076245,0.0
25,95.60234173302788,0.0,165.54890341076245,0.0
26,95.60234173302788,0.0,165.54890341076245,0.0
27,95.60234173302788,0.0,165.54890341076245,0.0
28,95.60234173302788,0.0,165.54890341076245,0.0
29,95.59675640336717,0.0,165.54890341076245,0.0
30,95.56868486688539,112.2080027044174,186.61675535604954,0.00039998545507436095
31,95.50212570553171,747.3186622302035,329.6605450978984,0.002727173557325188
32,95.38110344808877,1647.564285359544,674.0628562683642,0.005963419512017745
33,95.20660526307631,3194.166985112833,1422.1183316023166,0.011563215883058798
34,94.98763450739484,4821.658842641016,2679.555539931356,0.017781171593760227
35,94.71982496660068,6837.415186250545,4531.169285476792,0.025017272099196394
36,94.38198086027552,8148.875985264998,6913.554811725609,0.029744372931893387
37,93.97095341093484,9885.424595171266,9811.84554244008,0.03596232864259481
38,93.53619241183014,12398.881261109069,13512.217138679141,0.04552561725028181
39,93.0457326874697,14076.580261017893,17764.766267825667,0.05127086287771354
40,92.48468865947973,16114.372288257055,22592.80817283962,0.059270571979200756
41,91.91396091424683,17373.781411671327,28140.941683569094,0.0642885713246791
42,91.50817086957572,19166.066554898614,34334.68852914058,0.0700701792662085
43,91.32524280199112,16470.344155562147,40160.11996623037,0.06057961528671685
44,91.31466144119977,10931.069808269243,45083.92201170054,0.04098032798807316
45,91.34653068478531,6456.43835137029,48343.564646014536,0.0246536489582197
46,91.37952819119863,4390.873399090341,50810.2840697012,0.017053925311806842
47,91.4138103571789,3531.9519756042437,52303.6134122419,0.013890403985309625
48,91.45475800227406,3110.0107983007706,53386.89477404664,0.011963201338133158
49,91.49334843831107,2805.7894336653717,54280.70472987652,0.010545071088324061
50,91.53489722144904,2657.8405699557434,54840.77313104975,0.009999636376859024
51,91.57479945522817,2609.1977006861966,55385.023515375695,0.009890549434566015
52,91.62019054496793,2825.2690114526904,55880.53298185834,0.010617795716519399
53,91.66666434334694,3210.2833157168607,56395.70582144796,0.011999563652230828
54,91.69978591510899,3347.4943515639384,56566.97535356165,0.012544998363695865
55,91.71568467916681,3442.1511015988535,57094.99932757778,0.01279953456237955
56,91.73182761950194,4432.113745062732,57551.6765122403,0.01643576597214647
57,91.74166267813322,5120.145302846192,58044.31027629974,0.019126577215373985
58,91.73433466774794,6041.678175473948,58616.52697405151,0.02250827242645722
59,91.71163848101547,6559.082426781632,59273.07765430397,0.02418093887495
60,91.71702596447031,8144.6251667598735,60431.28796386856,0.030726155412530452
61,91.6811951408859,8375.877204981352,60548.18842203773,0.032071561034144214
62,91.61823929242456,8728.015473048856,61099.427572050474,0.0327988073160976
63,91.5930520721759,10868.732512105596,62561.56920028496,0.04014399476382677
64,91.56540916361675,11674.129635214085,64166.74771689333,0.0430529798916403
65,91.56675888013217,12817.3808694638,65970.40383408248,0.047780080724337294
66,91.54059987776769,12599.195507086395,66932.27664488883,0.047052834442383916
67,91.50631580113706,12841.123833559725,68447.39889874136,0.04814370386531399
68,91.49605545863629,13258.215854673537,70467.03990746634,0.04996181957019745
69,91.4499082267188,12735.049912491682,71834.6615561879,0.047089196756481586
70,91.40712031551111,12470.136271827936,73265.62757993003,0.04632558816043053
71,91.40851317655235,12132.84736611765,75168.15121422945,0.04621650121813752
72,91.38139617442387,10426.513918595658,76209.87754323,0.03923493691138504
73,91.37587116027969,9709.812103957987,77389.34193458974,0.03614414021308316
74,91.38504200047805,8116.452345797375,78809.08423233395,0.030544343842042108
75,91.38677459858405,6645.783824645587,79748.71233956194,0.02516272135558707
76,91.41641253702606,5745.3525907902385,80848.81402048212,0.021126504490745792
77,91.42634843335411,4429.8208259413,81487.12647684448,0.01625395440165812
78,91.42837397971726,3490.6491991388234,81933.32333007181,0.012763172248281881
79,91.42824418529449,2852.2074659553355,82505.77450790518,0.010835969601105415
80,91.43107357296078,2577.116255953538,83220.43422460557,0.009708737864077669
81,91.44959228940138,2470.1541405100065,83992.25082646406,0.009454201665393985
82,91.47333765498398,2262.0323883479064,84534.00365910519,0.008726955383440602
83,91.48403812660173,1901.603757795606,84647.40228459451,0.007599723646412857
84,91.50220138859491,1844.8325809498797,85461.90008770369,0.007163375877240827
85,91.53927829302685,1895.6420008224109,86083.77279232242,0.007708810588705865
86,91.58182830321971,1939.9888937850621,86503.06589744627,0.008108796043780226
87,91.6385345974728,2018.304679387268,87395.93134713425,0.008581506127049925
88,91.69097423626873,1894.9884107958437,87856.02390705375,0.008181520671975565
89,91.75834410176395,2169.588263225029,88955.77742868131,0.009417839351296316
90,91.84709391116252,2235.3416442178136,89668.05466069645,0.009708737864077669
91,91.94845127288328,2577.9979546780824,90518.06902649548,0.010908694229300752
92,92.04699549982901,2481.6745131525768,90582.04644647219,0.010690520344714738
93,92.11907843663964,1973.2923454295528,90202.15919251252,0.008399694556561579
94,92.18662244337152,1822.3635538538542,90233.108125004,0.007417912075924512
95,92.23351592133697,1673.7209326972652,90189.04244903292,0.006508854223482782
96,92.24951230984551,639.1462071967965,89217.84476302526,0.0024362750445438347
97,92.25798862651439,538.4954973942929,89132.92604074875,0.002072651903567143
98,92.26368831895635,414.2088240797724,89220.68972014936,0.0015999418202974438
99,92.27408013267869,453.89434660443413,89319.27277804268,0.0017817533907857896
100,92.28665043489936,426.6381154034646,89417.46039089719,0.0017453910766881205
101,92.30154419753006,438.3051721144444,89522.86475033242,0.001854478018981128
102,92.31543972376114,424.52984263962173,89528.23871888425,0.0017817533907857896
103,92.32962244353801,385.3439568887696,89590.68570744446,0.001636304134395113
104,92.3417943431912,351.79812707516373,89606.80917763388,0.0015272171921021055
105,92.3526207577853,312.54937510646425,89621.24908416388,0.0013817679357114286
106,92.36383263001875,305.0365826290366,89615.96521479695,0.0013090433075160903
107,92.37047814664585,205.75606072721004,89557.62843897645,0.0009090578524417294
108,92.37691416160112,207.8400081476104,89527.9812700208,0.0008726955383440602
109,92.38102754177973,137.24412200706982,89503.96552942868,0.0005817970255627068
110,92.38733552707008,154.8081062389341,89555.75435482227,0.0005817970255627068
111,92.40081211914895,284.39197848601884,89837.4937149731,0.0011635940511254136
112,92.41505012381283,288.8236121983737,89917.28953895104,0.0011999563652230827
113,92.42693247522989,246.08019603319826,89911.5805971814,0.001054507108832406
114,92.43675104736877,201.40714994023085,89941.2838136609,0.0009817824806370677
115,92.44668198711645,199.41052670002802,89974.11354424931,0.0009817824806370677
116,92.45532290878876,183.35119450751165,89963.23982841385,0.0008726955383440602
117,92.46393056602636,182.81059512434655,89973.26151890989,0.0007636085960510527
118,92.47609574439993,219.58801440983274,90023.21091708085,0.0009817824806370677
119,92.48209919520407,124.75736766821356,89924.15249025992,0.0005090723973673685
120,92.48714822995159,96.87299683631652,89892.24071725603,0.00039998545507436095
121,92.49143378436519,103.91048631886032,89859.20853165445,0.00039998545507436095
122,92.49493518160992,73.80398270254094,89849.96560260945,0.00032726082687902256
123,92.53344354538017,617.6165290687,90479.85913744103,0.002254463474055489
124,92.56714660481582,552.6729774343174,90314.12119931882,0.0019999272753718047
125,92.5925758927891,517.81131876451,89847.63992466775,0.0019272026471764663
126,92.57767556033704,542.7947279054545,88523.19617661698,0.002036289589469474
127,92.51147128575948,745.2019165064631,85980.49283981905,0.0027998981855205263
128,92.39333910935444,1741.4013486278216,82975.83022423097,0.006290680338896767
129,92.22340241591142,3103.7144726836095,79345.17950143517,0.011235955056179775
130,92.00465024018953,4928.458665734428,75064.124953853,0.018290243991127594
131,91.72491609649481,6529.824460145342,70083.21285780713,0.024035489618559325
132,91.38583985036185,8297.262108260082,64687.88904237409,0.0304352568997491
133,91.01322408989697,10897.696020618292,58489.73600395593,0.03956219773826406
134,90.5859741334593,12477.362193450717,52188.22976540238,0.04519835642340279
135,90.08487844354538,13770.239461884687,45055.43491215503,0.05010726882658812
136,89.55802887669773,15991.287061505514,37787.15166433713,0.05861605032544271
137,89.02007599745703,17742.763337822187,33463.06977467482,0.06537944074760918
138,88.6011908240449,18807.00887095527,34861.060386716155,0.07017926620850151
139,88.45184652277129,16865.590089961654,40751.04795739241,0.06188865859423294
140,88.45360604636313,11154.577190914331,45275.29884060174,0.04170757427002655
141,88.48753935702521,6617.237454274466,48560.30922447302,0.025017272099196394
142,88.53873547338212,4792.87893712958,51170.35779521693,0.01890840333078797
143,88.59255170674663,3770.883005547532,52887.316547470014,0.014872186465946693
144,88.67236222199217,3692.3973465304493,54337.791632658744,0.013999490927602633
145,88.74627704729953,3340.3698063587835,54953.637362284695,0.012726809934184211
146,88.80979355701477,2927.2019771302635,55250.69325654429,0.011126868113886768
147,88.87066754812156,2694.435376185071,55427.44800065527,0.010363259517835715
148,88.91764626783664,2943.13825021227,55618.74386661828,0.011090505799789098
149,88.94573134243647,2808.6936762005216,55590.95588701723,0.010472346460128722
150,88.9564577291909,3027.865052001247,55328.66988911535,0.01145412894076579
151,88.95344650091018,3309.462839372304,55194.81517432411,0.012544998363695865
152,88.93660979066227,3688.8061647774703,54887.23571135805,0.013999490927602633
153,88.88465269105984,3950.2285203183424,54392.59750728274,0.014726737209556017
154,88.82403503031077,5106.567897664848,53933.735641788866,0.018653867132104287
155,88.89685458808002,7132.295139207672,56603.32809611883,0.02647176466310316
156,88.85748093189211,6875.942354963428,54645.41973194211,0.02556270681066143
157,88.75431173006677,6707.998710389607,53242.93046634352,0.02505363441329406
158,88.6690834442995,7944.795558278062,52967.34995988595,0.0299625468164794
159,88.52251978673908,8227.126739932586,51955.77537763298,0.030726155412530452
160,88.36453737413592,8622.935169661181,51198.935646392,0.031635213264972185
161,88.17731287128258,8603.086574920439,50695.73504763447,0.03152612632267918
162,88.00983893618486,9414.293455672661,50352.698215943674,0.03443511145049271
163,87.80730575007254,9578.04573951886,49250.69974089323,0.03498054616195775
164,87.60121723734937,9473.078539509503,49072.03998987361,0.03443511145049271
165,87.41759472423725,9379.940206009145,48799.40639719923,0.035125995418348425
166,87.22657263794265,9050.321288662106,48508.96941428507,0.033671502854441655
167,87.07644420329699,8894.515940463136,48967.766317113026,0.033453328969855645
168,86.92227979026221,7610.764056800049,48801.361381092676,0.028908039707646993
169,86.79151046063853,6980.814032864122,48996.22030265762,0.02599905457983346
170,86.69809783023396,6120.535214490059,49834.44306832356,0.023199156394312935
171,86.61224920463164,4587.5076759969525,50082.62519471567,0.017526635395076543
172,86.55776779538037,3905.5268882527375,50908.97437111084,0.014908548780044361
173,86.50823407454632,3426.1270769673824,51373.82608846332,0.012726809934184211
174,86.47987295263624,2799.851637444175,52276.00179963193,0.010690520344714738
175,86.44969341126931,2394.0227446795,53029.74372943916,0.009381477037198648
176,86.43150568378185,2197.262899701463,53646.371520230685,0.008545143812952256
177,86.42709797962635,2164.560570292332,54074.24090727109,0.008254245300170902
178,86.41662550416598,1728.2196327186234,54162.53451522632,0.006908839678557144
179,86.42065126725328,1643.0036796175943,54773.89289757298,0.00661794116577579
180,86.4452467521666,1772.685876534572,55157.21018575705,0.006799752736264136
181,86.46055102580696,1628.013821995666,55300.24044580405,0.006145231082506091
182,86.47548846947065,1444.2173797306561,55552.48776701456,0.005527071742845714
183,86.49298214159751,1374.391691156178,55975.7779219964,0.005127086287771354
184,86.50457110769672,1279.3961007726857,55967.27772181819,0.004799825460892331
185,86.51084091681038,1024.1119939738735,56084.14410850576,0.004072579178938948
186,86.52329172140911,1030.237945659491,56335.46211812701,0.004072579178938948
187,86.55604520475363,1273.63879631735,57098.25628233785,0.005417984800552707
188,86.59672634994287,1304.0219086142831,57587.38643663329,0.005454347114650376
189,86.63372488047118,1182.5947421655749,57623.58227583325,0.005054361659576016
190,86.66033370360456,990.397850940266,57465.921553799846,0.004036216864841279
191,88.32231058349386,40064.178036087775,117199.30518741648,0.1455947056470674
192,88.34312391110909,674.3880305051481,77505.86840410037,0.002690811243227519
193,88.36429652149137,674.8153655165751,77607.54767541701,0.0025817243009345113
194,88.38531409120087,691.1514893119171,77683.1493051338,0.0026544489291298497
195,88.39558465355795,477.4779583566203,77517.8883004433,0.0019272026471764663
196,88.4011332974976,360.28835383887,77487.14458667692,0.0015635795061997746
197,88.40685509774251,324.6097174295264,77559.8533406964,0.001454492563906767
198,88.41538970795618,324.30904858219105,77609.94982282925,0.0013454056216137594
199,88.42641758222516,317.660826066992,77675.40331356451,0.0013090433075160903
200,88.43517254315935,295.25041795347715,77659.96972283264,0.0011999563652230827
201,88.44404440596942,279.7237112974772,77731.14155792452,0.0011272317370277444
202,88.4514360470134,245.05695358319494,77669.6424220837,0.001054507108832406
203,88.46119137115825,256.9755014205551,77782.72182808157,0.001054507108832406
204,88.47369982799266,273.3397938503102,77858.40519950587,0.0011272317370277444
205,88.4849124787945,248.8293586331116,77794.4475186865,0.001054507108832406
206,88.49186938006437,173.10636857950607,77737.97619020409,0.0007636085960510527
207,88.88778385037003,9302.950299705974,88171.14352804808,0.037162285007817895
208,89.04874834126726,3716.744277253529,82563.59403684182,0.015199447292825715
209,89.15260343379204,1868.0450521905148,80673.61138069,0.008072433729682558
210,89.20108364572495,1540.991633415903,80220.74382365384,0.006799752736264136
211,89.21148545766836,225.86510309687515,78890.29713439755,0.001054507108832406
212,89.22129523804537,213.971893411013,78917.30413468572,0.001018144794734737
213,89.230118192611,189.22435468642206,78885.31258971883,0.0008726955383440602
214,89.23990067805892,227.16387510072667,78936.9294924283,0.0009454201665393986
215,89.24791594524096,152.8177076723046,78905.64408703416,0.000618159339660376
216,89.25467017329187,147.34887631859476,78879.37016173569,0.0005817970255627068
217,89.26002399751967,116.90804326089827,78839.81892493638,0.0005090723973673685
218,89.26672404840966,132.9829100804517,78872.04427220488,0.0005454347114650376
219,89.27016889032251,76.76564647349647,78794.15134124979,0.00032726082687902256
220,89.27314562829679,64.37817403765348,78762.52861051886,0.0002908985127813534
221,89.26984727877726,56.90981975175284,78432.01515151771,0.00021817388458601506
222,89.24535852649028,177.68055376302004,77468.35446533715,0.0006908839678557143
223,89.18087049116643,649.0165154217416,75687.01541393618,0.0023999127304461655
224,89.05859856823244,1763.3429294726393,73084.04280106344,0.006254318024799099
225,88.88466590821531,3050.2145672223096,69902.79671244083,0.011308679684375114
226,88.67335663104988,5400.335956531787,66625.48486374751,0.019672011926839025
227,88.39279074896871,6523.481123999748,62391.53525334763,0.024071851932656995
228,88.0640783517365,8458.646809562462,58121.097693627584,0.031053416239409475
229,87.67986920506578,10503.94138216265,53351.08229724886,0.03832587905894331
230,87.26796477774647,12664.761711628344,48720.12636834232,0.045961965019453835
231,86.77655219696517,13427.438106441869,43172.430222037234,0.04938002254463474
232,86.25727586892324,16407.719202515815,37178.14367232613,0.06007054288934948
233,85.76728711892225,19050.68358793454,34188.274752341305,0.07010654158030617
234,85.40841503433508,19657.42054411008,36051.5330333004,0.07254281662485
235,85.28958023720296,17032.176459509912,41570.92253540861,0.06334315115813971
236,85.30938056005208,11074.303763889477,46158.994656492105,0.04134395112904985
237,85.39383267970278,7391.552042221187,49672.809297570944,0.027889894912912258
238,85.44354347395173,4750.331709040665,51615.808839258505,0.018690229446201957
239,85.52846144250044,4246.831631732619,53623.83233059829,0.016872113741318497
240,85.62417109860324,3960.6198406349067,54843.947974071474,0.0154539834915094
241,85.70312454138076,3498.8021940128147,55441.39874298324,0.013344969273844588
242,85.7609538976414,2990.935415686419,55383.062265214576,0.011563215883058798
243,85.82474071321369,2839.781612693056,55743.967757573846,0.010799607287007745
244,85.87742202056256,2812.6064487495637,55696.040485309444,0.010763244972910075
245,85.91984447776622,2975.060219779042,55822.30251731474,0.011308679684375114
246,85.93025428331488,2938.6180694183104,55415.73772584858,0.01101778117159376
247,85.93649590538375,3518.9401569369606,55346.26313717985,0.013090433075160904
248,85.91435586748425,3742.29642463098,54848.442933526996,0.013708592414821278
249,85.86753636378307,4153.601826431077,54190.60093846959,0.015635795061997745
250,85.81442053264611,4642.371943907779,54066.13427808802,0.017417548452783534
251,85.93433092682254,7863.289549531398,57722.56792710906,0.02868986582306098
252,85.8923991712575,6390.816447391807,54554.67814731922,0.02429002581724301
253,85.7923151498034,6742.931004651806,52643.25676400386,0.025017272099196394
254,85.66584854819476,7469.138476543498,51735.93581519717,0.02778080797061925
255,85.51942611876774,8402.28643588243,50969.75983810605,0.0309079669830188
256,85.36709162699204,9172.628976583997,50552.085929281326,0.033562415912148647
257,85.21188439632982,9196.189526149927,50005.18410713016,0.03396240136722301
258,85.04493248958133,9621.078265582213,49290.6418965469,0.035344169302934436
259,84.87232425791761,9954.036571590388,48857.113786775546,0.03658048798225519
260,84.68951520963779,9388.919457021097,48683.63830159689,0.03465328533507873
261,84.48904890070871,9200.271533248331,48038.758717223725,0.03414421293771135
262,84.32159629584947,9311.439606581307,48121.90712864026,0.03472600996327406
263,84.17675271168946,9109.098245136285,48248.678839458946,0.033816952110832334
264,84.04188468940289,8448.400194276652,48552.86297341749,0.03152612632267918
265,83.91902188245604,6795.564485658669,48891.063211513116,0.025708156067052106
266,83.82928209575122,6061.386505761668,49156.19151396081,0.022690083996945564
267,83.7613308394677,4793.7041264533345,49787.55502336279,0.018472055561615942
268,83.71569301847018,4198.505115151233,50401.9742195882,0.0163994036580488
269,83.69831922639916,3544.6159979292515,51474.288515962886,0.013563143158430602
270,83.67800629248539,3021.7822569237446,51798.79737940694,0.011817752081742482
271,83.64734429809162,2328.2697087805145,52058.0001414473,0.009199665466710302
272,83.63947076039736,2166.6699699909473,52828.7356792801,0.008508781498854588
273,83.64462326365286,2326.2761237163963,53448.010024051444,0.009017853896221955
274,83.65647077555329,2074.6001390423403,53683.898561936265,0.008072433729682558
275,83.6612647485202,1723.7122135158738,53935.03794352989,0.006690665793971129
276,83.67381532108445,1686.516542081659,54184.04633574748,0.006581578851678121
277,83.6863321670039,1539.6304947653255,54549.92773062983,0.005999781826115414
278,83.70722123103923,1635.2153212000424,54875.16108856705,0.006217955710701429
279,83.72057516065273,1409.1360693731654,54900.2030545435,0.005345260172357369
280,83.73484640875942,1245.7235807337102,55219.37733001022,0.004872550089087669
281,83.74821535245337,1096.7528309998768,55310.657338088626,0.004290753063524963
282,83.75506203981418,975.8050935063724,55332.00437792404,0.003927129922548271
283,83.76524815454492,939.9907381327116,55614.06547580834,0.003672593723864587
284,83.78103550576736,880.866614431269,55679.9559373554,0.0033816952110832335
285,83.79676651175858,834.4721986809636,55809.1360253665,0.0031271590123995493
286,83.81248641556942,773.2821043869102,55908.550632955885,0.002908985127813534
287,83.82831118858218,707.268945579208,55953.939910846704,0.002763535871422857
288,83.84093913035976,612.6758449425331,55938.563976717596,0.0023999127304461655
289,83.85644029430523,587.3729031979368,56011.51759604851,0.002290825788153158
290,83.87661165040593,632.0081121105943,56135.675869762956,0.0023999127304461655
291,83.8950670476632,580.5776070972623,56250.188529676525,0.002290825788153158
292,83.91361930677776,543.4632701844553,56286.57385222995,0.0021817388458601505
293,83.92494786190743,413.15721967217456,56204.567768366804,0.0017090287625904513
294,83.93124494460099,315.62571240659884,56127.17437414996,0.0013817679357114286
295,83.93687075345285,276.70624813718985,56157.069093797276,0.001236318679320752
296,83.94186675290152,239.73033479193543,56184.620460195445,0.001054507108832406
297,83.94978685589707,277.18650556030934,56236.26769044739,0.0011635940511254136
298,83.96388602959246,336.51956104845726,56363.15504374463,0.0013454056216137594
299,83.97487620495647,253.60464738209032,56267.6637651189,0.001054507108832406
300,83.98394848900189,223.93041834914845,56288.853058146415,0.0009817824806370677
301,83.99052681913113,202.0607984846636,56237.55780308407,0.0009090578524417294
302,83.99697297342367,159.735899896454,56301.29036091532,0.0007272462819533835
303,85.8015313273996,41132.98644908021,120366.97527133409,0.1499581833387877
304,86.2724353648514,10984.646610446653,90509.27113918049,0.04450747245554707
305,86.44537957457182,4016.0067189551783,82962.49040749474,0.016981200683611506
306,86.52234276743503,1779.2068219436228,80515.53648641212,0.007999709101487219
307,86.5502119477617,600.9237331481281,79347.53793383582,0.0028726228137158647
308,86.5730389173572,469.1274821800169,79186.77385763125,0.002290825788153158
309,86.59186228782521,423.9745666736566,79136.93447422516,0.0019999272753718047
310,86.60734180441885,460.7656819105086,79158.77295780418,0.002109014217664812
311,86.61245449814054,122.98530468332999,78835.94891099398,0.0005090723973673685
312,86.61972675978679,149.2166538474945,78888.87760665073,0.0006545216537580451
313,86.62572181883786,129.18262489786449,78865.72640872917,0.0005817970255627068
314,86.63156006376343,123.4375151156664,78865.43223899345,0.0005090723973673685
315,86.63612638519228,81.17023303952982,78802.02385283822,0.0002908985127813534
316,86.63915322904342,55.48813033866138,78757.12231044391,0.00021817388458601506
317,86.63797007245076,55.48813033866138,78474.82358880375,0.00021817388458601506
318,86.61475161077986,147.6864534339722,77547.15116768176,0.0005817970255627068
319,86.5450038370851,718.2245834749625,75675.66210624904,0.002545361986836842
320,86.42596558274849,1781.8334327713037,73065.2572286836,0.006508854223482782
321,86.2574718686094,3036.392425456498,69839.87358070636,0.011381404312570452
322,86.04422808891506,5117.495373198557,66507.66540677591,0.018690229446201957
323,85.77809759414573,6907.6546632108475,62383.42064063552,0.025526344496563762
324,85.45376949560482,8236.39184833872,58201.66613509069,0.030253445329260754
325,85.08293448243134,10696.865115329569,53618.09843311301,0.038944038398603685
326,84.67434763302504,12729.343842010012,48794.01866961596,0.045634704192574815
327,84.2212142340877,13926.629745088154,43501.55438229739,0.0511981382495182
328,83.7150883184091,16464.49410808055,37752.304611584594,0.06079778917130286
329,83.23810636358937,18990.45184675911,34240.03275233475,0.06999745463801316
330,82.91048706535103,20144.549401416694,36506.962132688546,0.07465183084251482
331,82.80259254803485,17416.44878029107,42085.00084691848,0.06439765826697211
332,82.8859593652162,12176.50547110567,47184.00607300307,0.045634704192574815
333,82.95913882806336,7140.891493387709,49894.13624800616,0.02730809788734955
334,83.03358491072758,5160.819122963243,52140.41558535832,0.0202901712664994
335,83.1306290946103,4601.810086657503,53992.57266984048,0.018326606305225264
336,83.23465097031257,3935.453357842545,54894.49949895925,0.015308534235118723
337,83.31488688550104,3535.5151979778198,55515.20479968253,0.013417693902039925
338,83.39516563352416,3452.687285994193,55747.69685250914,0.012763172248281881
339,83.46221166612186,2919.51894729321,55652.89068743638,0.011090505799789098
340,83.50621841034746,2868.133549549222,55602.15633131555,0.010799607287007745
341,83.5333826033552,2864.4364630385267,55540.00140223062,0.010835969601105415
342,83.5519849123702,3020.715327722364,55467.901854539276,0.011635940511254135
343,83.57075158400707,3620.5430398760523,55677.3052261123,0.013490418530235264
344,83.54783657778749,3555.198331855819,54979.50431829668,0.013454056216137595
345,83.50748808876985,4143.408178346433,54434.342103446674,0.015381258863314061
346,83.44225047228942,4461.475031427284,54008.80302704995,0.016726664484927822
347,83.58625728758305,8160.809044831179,58300.391981594345,0.030180720701065415
348,83.54944197579461,7064.155706845205,54665.13988526667,0.026653576233591506
349,83.46911272957199,6976.124797505486,53125.19927440635,0.02603541689393113
350,83.34497128324546,7688.7510748061195,52006.0135471244,0.028762590451256318
351,83.2177347352837,8457.004559378845,51353.69395529283,0.031053416239409475
352,83.08563608532289,9085.700708843038,51005.13572025424,0.03323515508526963
353,82.92711017118398,9407.036001498154,50010.31477511353,0.03472600996327406
354,82.77276739259966,9337.475858326,49635.762552466724,0.03472600996327406
355,82.6003890717181,9685.003017306228,49228.29183616273,0.03596232864259481
356,82.42385237278103,9663.040933661878,48786.720159735145,0.035089633104250756
357,82.23749627827458,9528.463655667441,48406.543985715056,0.035453256245227445
358,82.08516512885488,9839.01046698739,48562.69969217214,0.0362168648412785
359,81.94116784658885,9081.872117238343,48305.37739447746,0.03428966219410203
360,81.81323955533445,7838.221909024633,48891.730954592116,0.029380749790916694
361,81.70141510052515,7102.880243796937,49135.182270759666,0.027017199374568198
362,81.62030642520635,6333.0733772435,49558.97968857845,0.02421730118904767
363,81.56507018802208,5371.303106806534,50062.49720622154,0.020253808952401732
364,81.51037569125634,4121.112284735397,50340.53038786538,0.01541762117741173
365,81.47497357404067,3316.913057595629,51197.176525103656,0.013163157703356241
366,81.45648794154462,2984.248264590351,51732.5304039449,0.011635940511254135
367,81.45567221089942,2879.1561349918657,52582.9883982505,0.01101778117159376
368,81.44871923905448,2315.8601403491944,52697.59184457331,0.008981491582124286
369,81.45193168381257,2218.7824867389795,53481.62959066416,0.008654230755245265
370,81.45231081562072,1923.9812606575867,53653.74492457102,0.00749063670411985
371,81.4604041261674,1897.5768621015047,53962.71728208357,0.007236100505436166
372,81.4855575716522,1859.1601681694656,54584.79328452039,0.00705428893494782
373,81.49820453377184,1607.0958785021865,54503.93145354105,0.006217955710701429
374,81.51649533508775,1506.712903755667,54798.70417916531,0.005927057197920076
375,81.5257825072793,1351.4187417690844,54902.95051640254,0.005381622486455038
376,81.53915889096122,1199.5561033219296,55209.31243455002,0.004690738518599324
377,81.54725163649597,1088.461800856331,55225.11447110539,0.004254390749427294
378,81.56289372833798,1055.3342304892617,55553.53632232103,0.004036216864841279
379,81.57644261007825,1017.2506257477727,55592.81602227016,0.0038180429802552635
380,81.58598445714223,819.8854383171621,55556.7014540082,0.003236245954692557
381,81.60064750587263,733.3700559967285,55774.94618529913,0.0028362604996181955
382,81.61500938774327,754.5212694782801,55877.139073582264,0.002945347441911203
383,81.63695966141026,802.4881997249682,56055.26006684671,0.0031635213264972185
384,81.65249452924417,660.5903880525864,55979.93050486983,0.002690811243227519
385,81.67112175598487,632.5754818373294,56062.2434906826,0.002508999672739173
386,81.69095013911885,603.1973258831124,56149.13587271112,0.002290825788153158
387,81.70490506141654,508.3766934433851,56029.19680123657,0.0019999272753718047
388,81.71837818499132,439.17797820289843,56147.51997654214,0.0018181157048834588
389,81.72838511439349,403.7524875715228,56165.940908258424,0.001636304134395113
390,81.73881610180612,392.08544298098207,56246.133850342936,0.0015999418202974438
391,81.74674371351752,312.12902090155734,56189.19375560015,0.0013090433075160903
392,81.75318450378542,281.6600017223765,56164.81270868788,0.001236318679320752
393,81.76089892132737,264.02870636916066,56194.38139602221,0.0011272317370277444
394,81.76985976866749,254.63998575597265,56256.78009182128,0.001018144794734737
395,81.78115201134464,279.35246806809005,56305.55440768599,0.0011999563652230827
396,81.79054390001926,239.61459068966002,56296.97330970921,0.001054507108832406
397,81.79966008903153,223.97447282541515,56376.77226530358,0.001018144794734737
398,81.8092305195828,224.77992175859976,56420.51547475288,0.0009454201665393986
399,83.64502575006587,41682.73752538039,121436.82014349638,0.15210355987055016
400,84.11413976123846,10978.498881212196,90457.62048968286,0.04461655939784008
401,84.28273490017378,3947.403461458406,82864.41078033399,0.01676302679902549
402,84.35706944800793,1724.4234289668143,80481.47959593014,0.007781535216901204
403,84.38252089439432,568.0383227367074,79299.8976474146,0.002763535871422857
404,84.40329985540086,421.5352370370896,79161.15765046567,0.002109014217664812
405,84.4222899903154,385.1478636500087,79132.58934484712,0.001854478018981128
406,84.44407540819302,591.6312319354317,79336.73532548013,0.0026544489291298497
407,84.45205507339651,168.00474485149547,78914.43771918252,0.0006908839678557143
408,84.45816124830813,147.17429426831265,78869.73262239358,0.000618159339660376
409,84.46400576332638,128.96843816599215,78849.65926535762,0.0005090723973673685
410,84.467520152303,75.71759483470032,78811.66640152945,0.00032726082687902256
411,84.46934238687561,35.68647713814885,78748.60643625546,0.0001454492563906767
412,84.47194786112836,55.756364218417694,78734.66780344964,0.00021817388458601506
413,84.46784263688942,49.38150400457282,78455.78529031744,0.00018181157048834587
414,84.44301095664186,178.45061165275055,77539.23734297462,0.0007272462819533835
415,84.37504342408623,693.7310399953531,75700.04833604387,0.0023999127304461655
416,84.27152978586784,1996.6439055162518,73373.09028280992,0.007199738191338497
417,84.10956301514743,2946.167269578694,70143.17316087635,0.010799607287007745
418,83.89214067177215,4867.301174181024,66652.76488251127,0.01814479473473692
419,83.63576207812953,7079.499473876685,62676.28602326635,0.02596269226573579
420,83.31540647646568,8694.73293710064,58544.456898472665,0.031962474091851205
421,82.95929997470351,10722.272751037453,54225.0604193689,0.038725864514017674
422,82.56431609079391,12974.957045488387,49011.257914177244,0.047416457583360605
423,82.11090670544547,13963.78751206943,43615.69858024428,0.05181629758917858
424,81.65413074757572,17401.608399548742,38408.745865346486,0.06363404967092105
425,81.16573562965453,18404.053028485687,34573.85048375341,0.0681793389331297
426,80.86433049941566,20576.854762709016,37377.436359378014,0.07599723646412858
427,80.80369013507483,18434.607530995614,42668.842145491806,0.06792480273444602
428,80.8648808678935,11685.187272804427,47504.714722426426,0.043780226173593687
429,80.96434453937793,7553.367989327491,50623.62027618357,0.029271662848623686
430,81.06565585157259,5619.9853140093555,52342.20724412479,0.021926475400894513
431,81.1552533854578,4355.74364513355,54066.84235310994,0.017417548452783534
432,81.24546176126077,3829.6838415312923,55021.637174807554,0.01501763572233737
433,81.32438954845296,3449.5109223457553,55384.8219150427,0.013126795389258572
434,81.3857071507028,3010.089780316021,55400.5104955139,0.01145412894076579
435,81.44514392475276,2954.395585757064,55749.88504470817,0.011163230427984438
436,81.49475229333818,2978.0803940575834,55709.70872481417,0.011272317370277445
437,81.53479376496814,3134.8472307748107,55680.17026701596,0.011781389767644812
438,81.5376583952559,2828.6176438243106,55391.77347285538,0.010799607287007745
439,81.56335561217115,3679.275970307269,55680.76276865629,0.013999490927602633
440,81.5505527360897,3544.989996912834,55068.52360819549,0.013563143158430602
441,81.51574595453864,4413.079050749094,54448.091044906316,0.015963055888876768
442,81.46399849008611,4582.285249640506,54197.78440251649,0.01716301225409985
443,81.64628387123032,8717.060217587139,59609.31358774332,0.03250790880331624
444,81.60973112956269,6842.747445895064,54871.24154597208,0.025708156067052106
445,81.52852309751866,6995.073004992168,53000.039223759006,0.026289953092614813
446,81.42223964182774,7833.623165261904,52102.41279697239,0.02905348896403767
447,81.29971805729672,8613.219454984053,51283.630946139616,0.03174430020726519
448,81.17016944933654,9318.775396889898,51039.376526871834,0.03436238682229737
449,80.99876573319256,8740.034595004083,50072.14351047088,0.03250790880331624
450,80.87929464455743,10599.578489693859,50238.357029860854,0.038653139885822335
